,ITEM_CTG_ID,ITEM_CTG_DESC,ITEM_GRP_ID,ITEM_GRP_DESC,GINNO,GINDATE,ENTITY,SEGMENT,COST_CENTER,C_CENTER_ID,C_CENTER_NAME,JOBNO,UNITNO,RATE,MACHINENO1,MARATE,REMARKS,CAPITAL,QUANTITY,ITEMNO,INVENTORY_ITEM_NO,INV_ITEM_DESCRIPTION,UOM_DESC,AMOUNT1,BAL1,MDESC1,LASTISSUE1,LASTISSUEDT,COSTCENTER,SUMQTY,SUMAMT,GAP,GAMOUNT,CODE1,CODE2,GQTY,PERIOD
130,26,BATTERY,17,ELECTRICAL,871416,11-Sep-21,,,90179,90179,YTML-Stitching-YTM-07-General-Export WareHouse-General,,,8418.0,,,FORK LIFTER USE,,1.0,21622,21622,BATTERY 12V 100 AMP EX-100 96AH EXIDE (Consumable-Local),NOS,8418.0,0.0,,,,,1.0,8418.0,,38086160.02,,,783755340.3,
967,53,BREAKER,17,ELECTRICAL,841100,05-May-21,,,90179,90179,YTML-Stitching-YTM-07-General-Export WareHouse-General,,,2450.0,,,,,3.0,25202,25202,CIRCUIT BREAKER 10 - 16 AMP 3 POLESIEMENS (Consumable-Local),PCS,7350.0,0.0,,,,,3.0,7350.0,,38086160.02,,,783755340.3,
1077,60,BULB/LIGHT/LAMP,17,ELECTRICAL,856105,08-Jul-21,,,90179,90179,YTML-Stitching-YTM-07-General-Export WareHouse-General,,,13000.0,,,"FOR YTM-7 EXPORT W/H A,B E & F BUILDING USE",,40.0,7829521001,7829521001,ECO FLOOD LIGHT 200WATT (---) (L-C) (Consumable-Local),NOS,520000.0,0.0,,,,,40.0,520000.0,,38086160.02,,,783755340.3,
1203,68,CABLE,17,ELECTRICAL,855992,08-Jul-21,,,90179,90179,YTML-Stitching-YTM-07-General-Export WareHouse-General,,,1325.0,,,FOR YTM-7 EXPORT WAREHOUSE B-BUILDING OFFICE USE,,400.0,7799421001,7799421001,FLEXIBLE CABLE 5-CORE 10MM (---) (L-C) (Consumable-Local),MTR,530000.0,0.0,,,,,400.0,530000.0,,38086160.02,,,783755340.3,
1204,68,CABLE,17,ELECTRICAL,857679,14-Jul-21,,,90179,90179,YTML-Stitching-YTM-07-General-Export WareHouse-General,,,120.0,,,,,540.0,2102,2102,CABLE (FLEXIBLE CABLE) 1 CORE 6MM (Consumable-Local),MTR,64800.0,0.0,,,,,540.0,64800.0,,38086160.02,,,783755340.3,
1229,68,CABLE,17,ELECTRICAL,868933,07-Sep-21,,,90179,90179,YTML-Stitching-YTM-07-General-Export WareHouse-General,,,375.0,,,FOR YTM-7 EWH USE,,400.0,47624,47624,FLEXIBLE CABLE 4MM X 4 CORE PVC (Consumable-Local),MTR,150000.0,0.0,,,,,400.0,150000.0,,38086160.02,,,783755340.3,
1237,74,CAMERA,21,GENERAL MATERIAL,882905,27-Oct-21,,,90179,90179,YTML-Stitching-YTM-07-General-Export WareHouse-General,,,22000.0,,,"AGAINST SIN NO,881703",,4.0,7100321002,7100321002,"DIGITAL CAMERA IMAGE SQUARE POWER SHOT WITH MEMORY CARD & POUCH, IXUS-185 MEGA PIXEL-20 (CANON) (L-C) (Consumable-Local)",NOS,88000.0,0.0,,,,,4.0,88000.0,,38086160.02,,,783755340.3,
1317,89,CHAIR,21,GENERAL MATERIAL,885648,08-Nov-21,,,90179,90179,YTML-Stitching-YTM-07-General-Export WareHouse-General,,,9850.0,,,FOR STAFF USE YTM-7 BARCODE TEAM,,4.0,7516421001,7516421001,AERON LITE MESH CHAIR (---) (L-C) (Consumable-Local),NOS,39400.0,0.0,,,,,4.0,39400.0,,38086160.02,,,783755340.3,
1322,91,CHANNEL,17,ELECTRICAL,841100,05-May-21,,,90179,90179,YTML-Stitching-YTM-07-General-Export WareHouse-General,,,48.0,,,,,200.0,27982,27982,CHANNEL PATTI (PVC) DURA DUCT 20 X 40 MM (Consumable-Local),RFT,9600.0,0.0,,,,,200.0,9600.0,,38086160.02,,,783755340.3,
1716,144,CROCKERY,21,GENERAL MATERIAL,886430,09-Nov-21,,,90179,90179,YTML-Stitching-YTM-07-General-Export WareHouse-General,,,66.0,,,YTM-7 A-BUILDING EWH OFFICE USE,,6.0,16503,16503,SPOON (RICE SPOON) (Consumable-Local),NOS,396.0,0.0,,,,,12.0,2659.5,,38086160.02,,,783755340.3,
1717,144,CROCKERY,21,GENERAL MATERIAL,886430,09-Nov-21,,,90179,90179,YTML-Stitching-YTM-07-General-Export WareHouse-General,,,377.25,,,YTM-7 A-BUILDING EWH OFFICE USE,,6.0,41880,41880,PLATE SMALL SIZE (GOOD QUALITY) FOR GUEST/CUSTOMER (Consumable-Local),NOS,2263.5,0.0,,,,,12.0,2659.5,,38086160.02,,,783755340.3,
1842,159,DISPENSER,21,GENERAL MATERIAL,890536,25-Nov-21,,,90179,90179,YTML-Stitching-YTM-07-General-Export WareHouse-General,,,15348.0,,,FOR YTM-7 BARCODE TEAM (FOR OFFICE USE),,1.0,18156,18156,WATER DISPENSER (Consumable-Local),NOS,15348.0,0.0,,,,,1.0,15348.0,,38086160.02,,,783755340.3,
1945,189,FILE,20,STATIONARY,774138,05-Aug-20,,,90179,90179,YTML-Stitching-YTM-07-General-Export WareHouse-General,,,72.0,,,,,6.0,5005,5005,FIBRE PAPER CLIP FILE (Consumable-Local),NOS,432.0,0.0,,,,,6.0,432.0,,38086160.02,,,783755340.3,
1965,189,FILE,20,STATIONARY,792267,23-Oct-20,,,90179,90179,YTML-Stitching-YTM-07-General-Export WareHouse-General,,,72.0,,,,,5.0,16707,16707,FILE (RING FILE) (Consumable-Local),NOS,360.0,77.0,,,,,9.0,712.8,,38086160.02,,,783755340.3,
1966,189,FILE,20,STATIONARY,792267,23-Oct-20,,,90179,90179,YTML-Stitching-YTM-07-General-Export WareHouse-General,,,88.2,,,,,4.0,22457,22457,BOX FILE KORONA (Consumable-Local),PCS,352.8,30.0,,,,,9.0,712.8,,38086160.02,,,783755340.3,
1993,189,FILE,20,STATIONARY,807535,24-Dec-20,,,90179,90179,YTML-Stitching-YTM-07-General-Export WareHouse-General,,,89.7721,,,,,10.0,22457,22457,BOX FILE KORONA (Consumable-Local),PCS,897.721,90.0,,,,,20.0,1617.721,,38086160.02,,,783755340.3,
1994,189,FILE,20,STATIONARY,807535,24-Dec-20,,,90179,90179,YTML-Stitching-YTM-07-General-Export WareHouse-General,,,72.0,,,,,10.0,16707,16707,FILE (RING FILE) (Consumable-Local),NOS,720.0,86.0,,,,,20.0,1617.721,,38086160.02,,,783755340.3,
2048,189,FILE,20,STATIONARY,845698,26-May-21,,,90179,90179,YTML-Stitching-YTM-07-General-Export WareHouse-General,,,72.0,,,YTM-7 EWH USE,,4.0,5005,5005,FIBRE PAPER CLIP FILE (Consumable-Local),NOS,288.0,7.0,,,,,4.0,288.0,,38086160.02,,,783755340.3,
2071,189,FILE,20,STATIONARY,863276,07-Aug-21,,,90179,90179,YTML-Stitching-YTM-07-General-Export WareHouse-General,,,72.0,,,,,10.0,5005,5005,FIBRE PAPER CLIP FILE (Consumable-Local),NOS,720.0,10.0,,,,,10.0,720.0,,38086160.02,,,783755340.3,
2083,189,FILE,20,STATIONARY,873797,21-Sep-21,,,90179,90179,YTML-Stitching-YTM-07-General-Export WareHouse-General,,,99.0,,,,,10.0,22457,22457,BOX FILE KORONA (Consumable-Local),PCS,990.0,96.0,,,,,28.0,2340.0,,38086160.02,,,783755340.3,
2084,189,FILE,20,STATIONARY,873797,21-Sep-21,,,90179,90179,YTML-Stitching-YTM-07-General-Export WareHouse-General,,,75.0,,,,,18.0,16707,16707,FILE (RING FILE) (Consumable-Local),NOS,1350.0,159.0,,,,,28.0,2340.0,,38086160.02,,,783755340.3,
2109,189,FILE,20,STATIONARY,889904,24-Nov-21,,,90179,90179,YTML-Stitching-YTM-07-General-Export WareHouse-General,,,113.9206667,,,DOCUMENTATION USE,,12.0,1600,1600,BOX FILE COMET (Consumable-Local),PCS,1367.048,50.0,,,,,12.0,1367.048,,38086160.02,,,783755340.3,
2145,193,FITTING,19,"HARDWARE MATERIAL, PIPE & FITTINGS",841100,05-May-21,,,90179,90179,YTML-Stitching-YTM-07-General-Export WareHouse-General,,,9.464328633,,,,,1500.0,6156321001,6156321001,"PVC CONDUIT PIPE FITTING "" (---) (L-C) (Consumable-Local)",RFT,14196.49295,1495.68,,,,,1500.0,14196.49295,,38086160.02,,,783755340.3,
2506,206,GENERAL,21,GENERAL MATERIAL,774138,05-Aug-20,,,90179,90179,YTML-Stitching-YTM-07-General-Export WareHouse-General,,,27.5,,,,,3.0,19383,19383,ERASER AL-30(PELIKEN) (I NO.2161) (Consumable-Local),PCS,82.5,10.0,,,,,3.0,82.5,,38086160.02,,,783755340.3,
2571,206,GENERAL,21,GENERAL MATERIAL,792267,23-Oct-20,,,90179,90179,YTML-Stitching-YTM-07-General-Export WareHouse-General,,,8.8,,,,,2.0,21287,21287,THUMB PIN (I NO.2219) (Consumable-Local),PKT,17.6,71.0,,,,,2.0,17.6,,38086160.02,,,783755340.3,
2624,206,GENERAL,21,GENERAL MATERIAL,807535,24-Dec-20,,,90179,90179,YTML-Stitching-YTM-07-General-Export WareHouse-General,,,371.4285714,,,,,2.0,19771,19771,INSECT KILLER FINIS (MORTIEN) (Consumable-Local),PCS,742.8571429,18.0,,,,,8.0,925.2811429,,38086160.02,,,783755340.3,
2625,206,GENERAL,21,GENERAL MATERIAL,807535,24-Dec-20,,,90179,90179,YTML-Stitching-YTM-07-General-Export WareHouse-General,,,30.404,,,,,6.0,19383,19383,ERASER AL-30(PELIKEN) (I NO.2161) (Consumable-Local),PCS,182.424,94.0,,,,,8.0,925.2811429,,38086160.02,,,783755340.3,
2681,206,GENERAL,21,GENERAL MATERIAL,829577,17-Mar-21,,,90179,90179,YTML-Stitching-YTM-07-General-Export WareHouse-General,,,30.404,,,FOR YTM-7 EXPORT WAREHOUSE OFFICE USE A-BUILDING & B-BUILDING,,12.0,19383,19383,ERASER AL-30(PELIKEN) (I NO.2161) (Consumable-Local),PCS,364.848,30.0,,,,,12.0,364.848,,38086160.02,,,783755340.3,
2711,206,GENERAL,21,GENERAL MATERIAL,841100,05-May-21,,,90179,90179,YTML-Stitching-YTM-07-General-Export WareHouse-General,,,170.0,,,,,30.0,19762,19762,INDUSTRIAL POWER PLUG MALE SINGLE PHASE 3 PIN 16A-6H/220-250V (Consumable-Local),PCS,5100.0,0.0,,,,,30.0,5100.0,,38086160.02,,,783755340.3,
2777,206,GENERAL,21,GENERAL MATERIAL,863276,07-Aug-21,,,90179,90179,YTML-Stitching-YTM-07-General-Export WareHouse-General,,,374.6130031,,,,,2.0,19771,19771,INSECT KILLER FINIS (MORTIEN) (Consumable-Local),PCS,749.2260062,0.0,,,,,12.0,1541.226006,,38086160.02,,,783755340.3,
2778,206,GENERAL,21,GENERAL MATERIAL,863276,07-Aug-21,,,90179,90179,YTML-Stitching-YTM-07-General-Export WareHouse-General,,,99.0,,,,,7.0,18968,18968,BOX FILE KARONA (I NO.320) (Consumable-Local),PCS,693.0,10.0,,,,,12.0,1541.226006,,38086160.02,,,783755340.3,
2779,206,GENERAL,21,GENERAL MATERIAL,863276,07-Aug-21,,,90179,90179,YTML-Stitching-YTM-07-General-Export WareHouse-General,,,33.0,,,,,3.0,19383,19383,ERASER AL-30(PELIKEN) (I NO.2161) (Consumable-Local),PCS,99.0,0.0,,,,,12.0,1541.226006,,38086160.02,,,783755340.3,
2810,206,GENERAL,21,GENERAL MATERIAL,873797,21-Sep-21,,,90179,90179,YTML-Stitching-YTM-07-General-Export WareHouse-General,,,33.0,,,,,4.0,19383,19383,ERASER AL-30(PELIKEN) (I NO.2161) (Consumable-Local),PCS,132.0,80.0,,,,,5.0,507.0,,38086160.02,,,783755340.3,
2811,206,GENERAL,21,GENERAL MATERIAL,873797,21-Sep-21,,,90179,90179,YTML-Stitching-YTM-07-General-Export WareHouse-General,,,375.0,,,,,1.0,19771,19771,INSECT KILLER FINIS (MORTIEN) (Consumable-Local),PCS,375.0,18.0,,,,,5.0,507.0,,38086160.02,,,783755340.3,
2825,206,GENERAL,21,GENERAL MATERIAL,874410,24-Sep-21,,,90179,90179,YTML-Stitching-YTM-07-General-Export WareHouse-General,,,520.0,,,,,9.0,30396,30396,FLOOR MAT - RUBBER   (FOOT MAT) 2'X1-1/2' (Consumable-Local),PCS,4680.0,0.0,,,,,9.0,4680.0,,38086160.02,,,783755340.3,
2862,206,GENERAL,21,GENERAL MATERIAL,886430,09-Nov-21,,,90179,90179,YTML-Stitching-YTM-07-General-Export WareHouse-General,,,187.5,,,YTM-7 A-BUILDING EWH OFFICE USE,,6.0,21124,21124,TEA CUP (Consumable-Local),PCS,1125.0,0.0,,,,,6.0,1125.0,,38086160.02,,,783755340.3,
2893,211,GLOVES,21,GENERAL MATERIAL,874410,24-Sep-21,,,90179,90179,YTML-Stitching-YTM-07-General-Export WareHouse-General,,,105.0,,,,,6.0,12054,12054,"RUBBER GLOVES 12"" YELLOW MULTICARE MALAYSIA (Consumable-Local)",PRS,630.0,0.0,,,,,6.0,630.0,,38086160.02,,,783755340.3,
3336,234,HOOTER,17,ELECTRICAL,788616,08-Oct-20,,,90179,90179,YTML-Stitching-YTM-07-General-Export WareHouse-General,,,575.0,,,,,2.0,6726,6726,HOOTER 220 V MINI SIRON (Consumable-Local),NOS,1150.0,10.0,,,,,2.0,1150.0,,38086160.02,,,783755340.3,
3363,246,INK,20,STATIONARY,774138,05-Aug-20,,,90179,90179,YTML-Stitching-YTM-07-General-Export WareHouse-General,,,30.0,,,,,3.0,8118,8118,MARKER INK BLACK DOLLAR (Consumable-Local),NOS,90.0,0.0,,,,,7.0,187.0,,38086160.02,,,783755340.3,
3364,246,INK,20,STATIONARY,774138,05-Aug-20,,,90179,90179,YTML-Stitching-YTM-07-General-Export WareHouse-General,,,24.25,,,,,4.0,13897,13897,STAMP PAD INK BLUE (Consumable-Local),NOS,97.0,20.0,,,,,7.0,187.0,,38086160.02,,,783755340.3,
3372,246,INK,20,STATIONARY,807535,24-Dec-20,,,90179,90179,YTML-Stitching-YTM-07-General-Export WareHouse-General,,,31.80263889,,,,,24.0,8118,8118,MARKER INK BLACK DOLLAR (Consumable-Local),NOS,763.2633333,48.0,,,,,28.0,860.2633333,,38086160.02,,,783755340.3,
3373,246,INK,20,STATIONARY,807535,24-Dec-20,,,90179,90179,YTML-Stitching-YTM-07-General-Export WareHouse-General,,,24.25,,,,,4.0,13897,13897,STAMP PAD INK BLUE (Consumable-Local),NOS,97.0,4.0,,,,,28.0,860.2633333,,38086160.02,,,783755340.3,
3396,246,INK,20,STATIONARY,845698,26-May-21,,,90179,90179,YTML-Stitching-YTM-07-General-Export WareHouse-General,,,32.99013889,,,YTM-7 EWH USE,,2.0,8118,8118,MARKER INK BLACK DOLLAR (Consumable-Local),NOS,65.98027778,0.0,,,,,2.0,65.98027778,,38086160.02,,,783755340.3,
3406,246,INK,20,STATIONARY,863276,07-Aug-21,,,90179,90179,YTML-Stitching-YTM-07-General-Export WareHouse-General,,,36.5,,,,,3.0,8118,8118,MARKER INK BLACK DOLLAR (Consumable-Local),NOS,109.5,0.0,,,,,3.0,109.5,,38086160.02,,,783755340.3,
3412,246,INK,20,STATIONARY,873797,21-Sep-21,,,90179,90179,YTML-Stitching-YTM-07-General-Export WareHouse-General,,,36.5,,,,,12.0,8118,8118,MARKER INK BLACK DOLLAR (Consumable-Local),NOS,438.0,43.0,,,,,18.0,591.0,,38086160.02,,,783755340.3,
3413,246,INK,20,STATIONARY,873797,21-Sep-21,,,90179,90179,YTML-Stitching-YTM-07-General-Export WareHouse-General,,,25.5,,,,,6.0,13896,13896,STAMP PAD INK BLACK (Consumable-Local),BOT,153.0,30.0,,,,,18.0,591.0,,38086160.02,,,783755340.3,
3505,252,JANITORIAL/HOUSEHOLD,21,GENERAL MATERIAL,807535,24-Dec-20,,,90179,90179,YTML-Stitching-YTM-07-General-Export WareHouse-General,,,185.0,,,,,2.0,22799,22799,AIR FRESHNER LOTION ADMIRE 400ML (Consumable-Local),BOT,370.0,21.0,,,,,2.0,370.0,,38086160.02,,,783755340.3,
3543,252,JANITORIAL/HOUSEHOLD,21,GENERAL MATERIAL,873797,21-Sep-21,,,90179,90179,YTML-Stitching-YTM-07-General-Export WareHouse-General,,,185.0,,,,,1.0,22799,22799,AIR FRESHNER LOTION ADMIRE 400ML (Consumable-Local),BOT,185.0,28.0,,,,,1.0,185.0,,38086160.02,,,783755340.3,
4098,283,MACHINE,1,PLANT & MACHINERY,858042,14-Jul-21,,,90179,90179,YTML-Stitching-YTM-07-General-Export WareHouse-General,,,19000.0,,,,,1.0,6837421038,6837421038,"LABEL REWINDERS MACHINE MC-11"" - LOW-COST (ZEBRA) (L-C) (Consumable-Local)",NOS,19000.0,0.0,,,,,1.0,19000.0,,38086160.02,,,783755340.3,
4254,295,METER,17,ELECTRICAL,884411,09-Nov-21,,,90179,90179,YTML-Stitching-YTM-07-General-Export WareHouse-General,,,750.0,,,FOR YTM-7 EWH,,5.0,7257721001,7257721001,HUMIDITY & TEMPERATURE METER (HTC) (---) (L-C) (Consumable-Local),NOS,3750.0,0.0,,,,,5.0,3750.0,,38086160.02,,,783755340.3,
7130,309,OIL,12,"LUBRICATION, OIL GREASE, & CHEMICAL",871416,11-Sep-21,,,90179,90179,YTML-Stitching-YTM-07-General-Export WareHouse-General,,,1068.0,,,FORK LIFTER USE,,4.0,8952,8952,OIL (SEA-15W-40) DURON ENGINE OIL (Consumable-Local),LTR,4272.0,0.0,,,,,4.0,4272.0,,38086160.02,,,783755340.3,
7132,309,OIL,12,"LUBRICATION, OIL GREASE, & CHEMICAL",885650,08-Nov-21,,,90179,90179,YTML-Stitching-YTM-07-General-Export WareHouse-General,,,812.0,,,FORK LIFTER USE,,40.0,33884,33884,HYDROLIC OIL AW - 46 HYDREX (PETRO CANADA) (Consumable-Local),LTR,32480.0,0.0,,,,,40.0,32480.0,,38086160.02,,,783755340.3,
7134,309,OIL,21,GENERAL MATERIAL,878549,12-Oct-21,,,90179,90179,YTML-Stitching-YTM-07-General-Export WareHouse-General,,,548.8,,,FOR YTM-7 FORK LIFTER USE,,1.0,1687,1687,BRAKE OIL 355 CC PACK SEIKEN (Consumable-Local),TIN,548.8,3.0,,,,,1.0,548.8,,38086160.02,,,783755340.3,
7135,309,OIL,21,GENERAL MATERIAL,885650,08-Nov-21,,,90179,90179,YTML-Stitching-YTM-07-General-Export WareHouse-General,,,548.8,,,FORK LIFTER USE,,3.0,1687,1687,BRAKE OIL 355 CC PACK SEIKEN (Consumable-Local),TIN,1646.4,0.0,,,,,3.0,1646.4,,38086160.02,,,783755340.3,
7193,318,PAINT,19,"HARDWARE MATERIAL, PIPE & FITTINGS",874410,24-Sep-21,,,90179,90179,YTML-Stitching-YTM-07-General-Export WareHouse-General,,,455.0,,,,,54.0,9007,9007,ROAD PAINT YELLOW FLORESCENT 4 LTR. PACK KANSAI (Consumable-Local),LTR,24570.0,7.48,,,,,54.0,24570.0,,38086160.02,,,783755340.3,
7209,319,PALLET,10,PACKING MATERIAL,758145,03-Jun-20,,,90179,90179,YTML-Stitching-YTM-07-General-Export WareHouse-General,,,835.0,,,,,500.0,40267,40267,"WOODEN PALLET 43"" X 43"" X 5'' (FOUR SIDE LIFTING) (Consumable-Local)",NOS,417500.0,0.0,,,,,500.0,417500.0,,38086160.02,,,783755340.3,
7210,319,PALLET,10,PACKING MATERIAL,781123,07-Sep-20,,,90179,90179,YTML-Stitching-YTM-07-General-Export WareHouse-General,,,835.0,,,FOR YTM-7 EWH,,500.0,40267,40267,"WOODEN PALLET 43"" X 43"" X 5'' (FOUR SIDE LIFTING) (Consumable-Local)",NOS,417500.0,0.0,,,,,500.0,417500.0,,38086160.02,,,783755340.3,
7215,319,PALLET,10,PACKING MATERIAL,829532,22-Mar-21,,,90179,90179,YTML-Stitching-YTM-07-General-Export WareHouse-General,,,910.0,,,YTM-7 EWH,,125.0,40267,40267,"WOODEN PALLET 43"" X 43"" X 5'' (FOUR SIDE LIFTING) (Consumable-Local)",NOS,113750.0,0.0,,,,,125.0,113750.0,,38086160.02,,,783755340.3,
7216,319,PALLET,10,PACKING MATERIAL,844200,22-May-21,,,90179,90179,YTML-Stitching-YTM-07-General-Export WareHouse-General,,,910.0,,,,,100.0,40267,40267,"WOODEN PALLET 43"" X 43"" X 5'' (FOUR SIDE LIFTING) (Consumable-Local)",NOS,91000.0,0.0,,,,,100.0,91000.0,,38086160.02,,,783755340.3,
7217,319,PALLET,10,PACKING MATERIAL,861914,06-Aug-21,,,90179,90179,YTML-Stitching-YTM-07-General-Export WareHouse-General,,,910.0,,,FOR CARTONS STACKING USE YTM-7 EWH,,950.0,40267,40267,"WOODEN PALLET 43"" X 43"" X 5'' (FOUR SIDE LIFTING) (Consumable-Local)",NOS,864500.0,0.0,,,,,950.0,864500.0,,38086160.02,,,783755340.3,
7218,319,PALLET,10,PACKING MATERIAL,864055,16-Aug-21,,,90179,90179,YTML-Stitching-YTM-07-General-Export WareHouse-General,,,910.0,,,FOR CARTONS STACKING USE,,250.0,40267,40267,"WOODEN PALLET 43"" X 43"" X 5'' (FOUR SIDE LIFTING) (Consumable-Local)",NOS,227500.0,500.0,,,,,250.0,227500.0,,38086160.02,,,783755340.3,
7219,319,PALLET,10,PACKING MATERIAL,865316,17-Aug-21,,,90179,90179,YTML-Stitching-YTM-07-General-Export WareHouse-General,,,910.0,,,FOR YTM-7 EWH USE,,500.0,40267,40267,"WOODEN PALLET 43"" X 43"" X 5'' (FOUR SIDE LIFTING) (Consumable-Local)",NOS,455000.0,0.0,,,,,500.0,455000.0,,38086160.02,,,783755340.3,
7241,322,PAPER,20,STATIONARY,785730,28-Sep-20,,,90179,90179,YTML-Stitching-YTM-07-General-Export WareHouse-General,,,410.25,,,,,5.0,6468121002,6468121002,PHOTOCOPY PAPER A-4 GSM 70 (....) (L-C) (Consumable-Local),NOS,2051.25,41.0,,,,,5.0,2051.25,,38086160.02,,,783755340.3,
7273,322,PAPER,20,STATIONARY,807535,24-Dec-20,,,90179,90179,YTML-Stitching-YTM-07-General-Export WareHouse-General,,,410.25,,,,,5.0,6468121002,6468121002,PHOTOCOPY PAPER A-4 GSM 70 (....) (L-C) (Consumable-Local),NOS,2051.25,135.0,,,,,5.0,2051.25,,38086160.02,,,783755340.3,
7289,322,PAPER,20,STATIONARY,817955,02-Feb-21,,,90179,90179,YTML-Stitching-YTM-07-General-Export WareHouse-General,,,410.25,,,,,5.0,6468121002,6468121002,PHOTOCOPY PAPER A-4 GSM 70 (....) (L-C) (Consumable-Local),NOS,2051.25,90.0,,,,,5.0,2051.25,,38086160.02,,,783755340.3,
7309,322,PAPER,20,STATIONARY,829577,17-Mar-21,,,90179,90179,YTML-Stitching-YTM-07-General-Export WareHouse-General,,,410.25,,,FOR YTM-7 EXPORT WAREHOUSE OFFICE USE A-BUILDING & B-BUILDING,,5.0,6468121002,6468121002,PHOTOCOPY PAPER A-4 GSM 70 (....) (L-C) (Consumable-Local),NOS,2051.25,42.0,,,,,5.0,2051.25,,38086160.02,,,783755340.3,
7330,322,PAPER,20,STATIONARY,845698,26-May-21,,,90179,90179,YTML-Stitching-YTM-07-General-Export WareHouse-General,,,437.6,,,YTM-7 EWH USE,,5.0,6468121002,6468121002,PHOTOCOPY PAPER A-4 GSM 70 (....) (L-C) (Consumable-Local),NOS,2188.0,10.0,,,,,5.0,2188.0,,38086160.02,,,783755340.3,
7379,322,PAPER,20,STATIONARY,874879,25-Sep-21,,,90179,90179,YTML-Stitching-YTM-07-General-Export WareHouse-General,,,448.7,,,FOR PRINT USE,,3.0,6468121002,6468121002,PHOTOCOPY PAPER A-4 GSM 70 (....) (L-C) (Consumable-Local),NOS,1346.1,71.0,,,,,3.0,1346.1,,38086160.02,,,783755340.3,
7381,322,PAPER,20,STATIONARY,874916,25-Sep-21,,,90179,90179,YTML-Stitching-YTM-07-General-Export WareHouse-General,,,448.7,,,FOR GATE PASS PRINTOUT USE,,15.0,6468121002,6468121002,PHOTOCOPY PAPER A-4 GSM 70 (....) (L-C) (Consumable-Local),NOS,6730.5,71.0,,,,,15.0,6730.5,,38086160.02,,,783755340.3,
7396,322,PAPER,20,STATIONARY,879834,15-Oct-21,,,90179,90179,YTML-Stitching-YTM-07-General-Export WareHouse-General,,,448.7,,,FOR PRINTING USE,,5.0,6468121002,6468121002,PHOTOCOPY PAPER A-4 GSM 70 (....) (L-C) (Consumable-Local),NOS,2243.5,2.0,,,,,5.0,2243.5,,38086160.02,,,783755340.3,
7481,333,PIPE,18,MECHANICAL,856563,10-Jul-21,,,90179,90179,YTML-Stitching-YTM-07-General-Export WareHouse-General,,,28.0,,,,,100.0,30591,30591,PNEUMATIC PIPE 8 MM SANGA KOREA (Consumable-Local),RFT,2800.0,2100.0,,,,,100.0,2800.0,,38086160.02,,,783755340.3,
7656,337,PLATE,21,GENERAL MATERIAL,886430,09-Nov-21,,,90179,90179,YTML-Stitching-YTM-07-General-Export WareHouse-General,,,368.5,,,YTM-7 A-BUILDING EWH OFFICE USE,,6.0,16502,16502,PLATE (RICE PLATE) (Consumable-Local),NOS,2211.0,0.0,,,,,6.0,2211.0,,38086160.02,,,783755340.3,
8853,350,PRINTER ACCESSORIES,13,COMPUTERS & ACCESSORIES,860360,30-Jul-21,,,90179,90179,YTML-Stitching-YTM-07-General-Export WareHouse-General,,,47000.0,,,YASIR AHMED,,2.0,6615621004,6615621004,PRINTER HEAD MODEL# ZM400 (300 DPI) (ZEBRA) (L-C) (Consumable-Local),NOS,94000.0,0.0,,,,,2.0,94000.0,,38086160.02,,,783755340.3,
8881,350,PRINTER ACCESSORIES,13,COMPUTERS & ACCESSORIES,883585,28-Oct-21,,,90179,90179,YTML-Stitching-YTM-07-General-Export WareHouse-General,,,47000.0,,,FOR YTM-7 EWH BARCODE,,4.0,6615621004,6615621004,PRINTER HEAD MODEL# ZM400 (300 DPI) (ZEBRA) (L-C) (Consumable-Local),NOS,188000.0,0.0,,,,,4.0,188000.0,,38086160.02,,,783755340.3,
8888,350,PRINTER ACCESSORIES,20,STATIONARY,799118,19-Nov-20,,,90179,90179,YTML-Stitching-YTM-07-General-Export WareHouse-General,,,620.415,,,,,1.0,33379,33379,RECYCLING OF TONER HP LASER JET PRO 400 HP (80-A) (Consumable-Local),NOS,620.415,3.0,,,,,1.0,620.415,,38086160.02,,,783755340.3,
8894,350,PRINTER ACCESSORIES,20,STATIONARY,805120,19-Dec-20,,,90179,90179,YTML-Stitching-YTM-07-General-Export WareHouse-General,,,620.1383333,,,,,1.0,33379,33379,RECYCLING OF TONER HP LASER JET PRO 400 HP (80-A) (Consumable-Local),NOS,620.1383333,1.0,,,,,1.0,620.1383333,,38086160.02,,,783755340.3,
8902,350,PRINTER ACCESSORIES,20,STATIONARY,817955,02-Feb-21,,,90179,90179,YTML-Stitching-YTM-07-General-Export WareHouse-General,,,620.0,,,,,1.0,33379,33379,RECYCLING OF TONER HP LASER JET PRO 400 HP (80-A) (Consumable-Local),NOS,620.0,2.0,,,,,1.0,620.0,,38086160.02,,,783755340.3,
8906,350,PRINTER ACCESSORIES,20,STATIONARY,823773,24-Feb-21,,,90179,90179,YTML-Stitching-YTM-07-General-Export WareHouse-General,,,620.0,,,,,1.0,33379,33379,RECYCLING OF TONER HP LASER JET PRO 400 HP (80-A) (Consumable-Local),NOS,620.0,0.0,,,,,1.0,620.0,,38086160.02,,,783755340.3,
8910,350,PRINTER ACCESSORIES,20,STATIONARY,828042,10-Mar-21,,,90179,90179,YTML-Stitching-YTM-07-General-Export WareHouse-General,,,620.0,,,,,1.0,33379,33379,RECYCLING OF TONER HP LASER JET PRO 400 HP (80-A) (Consumable-Local),NOS,620.0,3.0,,,,,1.0,620.0,,38086160.02,,,783755340.3,
8914,350,PRINTER ACCESSORIES,20,STATIONARY,831794,02-Apr-21,,,90179,90179,YTML-Stitching-YTM-07-General-Export WareHouse-General,,,620.0,,,,,1.0,33379,33379,RECYCLING OF TONER HP LASER JET PRO 400 HP (80-A) (Consumable-Local),NOS,620.0,0.0,,,,,1.0,620.0,,38086160.02,,,783755340.3,
8921,350,PRINTER ACCESSORIES,20,STATIONARY,845698,26-May-21,,,90179,90179,YTML-Stitching-YTM-07-General-Export WareHouse-General,,,620.0,,,YTM-7 EWH USE,,2.0,33379,33379,RECYCLING OF TONER HP LASER JET PRO 400 HP (80-A) (Consumable-Local),NOS,1240.0,3.0,,,,,2.0,1240.0,,38086160.02,,,783755340.3,
8938,350,PRINTER ACCESSORIES,20,STATIONARY,874879,25-Sep-21,,,90179,90179,YTML-Stitching-YTM-07-General-Export WareHouse-General,,,620.0,,,FOR PRINT USE,,2.0,33379,33379,RECYCLING OF TONER HP LASER JET PRO 400 HP (80-A) (Consumable-Local),NOS,1240.0,2.0,,,,,2.0,1240.0,,38086160.02,,,783755340.3,
8948,350,PRINTER ACCESSORIES,20,STATIONARY,889668,23-Nov-21,,,90179,90179,YTML-Stitching-YTM-07-General-Export WareHouse-General,,,620.0,,,FOR YTM-7 EWH,,2.0,33379,33379,RECYCLING OF TONER HP LASER JET PRO 400 HP (80-A) (Consumable-Local),NOS,1240.0,8.0,,,,,2.0,1240.0,,38086160.02,,,783755340.3,
9015,377,REMOVER,19,"HARDWARE MATERIAL, PIPE & FITTINGS",874410,24-Sep-21,,,90179,90179,YTML-Stitching-YTM-07-General-Export WareHouse-General,,,300.0,,,,,44.0,9667,9667,PAINT REMOVER 3.64 LTR TIN HI-TONE BERGER (Consumable-Local),LTR,13200.0,21.12,,,,,44.0,13200.0,,38086160.02,,,783755340.3,
9093,386,ROLL,10,PACKING MATERIAL,877653,06-Oct-21,,,90179,90179,YTML-Stitching-YTM-07-General-Export WareHouse-General,,,825.0,,,WRAPPING ROLL,,30.0,6372121001,6372121001,"LLDPE STRETCH FILM (SIZE: WIDTH=20 INCHES, THICKNESS=15 MICRON , ROLL LENGTH=300METER) (---) (L-C) (Consumable-Local)",NOS,24750.0,150.0,,,,,30.0,24750.0,,38086160.02,,,783755340.3,
9101,386,ROLL,10,PACKING MATERIAL,883300,28-Oct-21,,,90179,90179,YTML-Stitching-YTM-07-General-Export WareHouse-General,,,825.0,,,,,30.0,6372121001,6372121001,"LLDPE STRETCH FILM (SIZE: WIDTH=20 INCHES, THICKNESS=15 MICRON , ROLL LENGTH=300METER) (---) (L-C) (Consumable-Local)",NOS,24750.0,70.0,,,,,30.0,24750.0,,38086160.02,,,783755340.3,
9104,386,ROLL,10,PACKING MATERIAL,886562,15-Nov-21,,,90179,90179,YTML-Stitching-YTM-07-General-Export WareHouse-General,,,825.0,,,WRAPPING USE,,30.0,6372121001,6372121001,"LLDPE STRETCH FILM (SIZE: WIDTH=20 INCHES, THICKNESS=15 MICRON , ROLL LENGTH=300METER) (---) (L-C) (Consumable-Local)",NOS,24750.0,90.0,,,,,30.0,24750.0,,38086160.02,,,783755340.3,
9119,387,ROLLER,21,GENERAL MATERIAL,874410,24-Sep-21,,,90179,90179,YTML-Stitching-YTM-07-General-Export WareHouse-General,,,150.0,,,,,1.0,6262121001,6262121001,"PAINT ROLLER 3"" (---) (L-C) (Consumable-Local)",NOS,150.0,0.0,,,,,1.0,150.0,,38086160.02,,,783755340.3,
9571,423,SOCKET,17,ELECTRICAL,850151,14-Jun-21,,,90179,90179,YTML-Stitching-YTM-07-General-Export WareHouse-General,,,280.0,,,FOR YTM-7 EXPORT WAREHOUSE,,24.0,6405621001,6405621001,MULTI SWITCH SOCKET LIGHT PLUG 15 AMP (---) (L-C) (Consumable-Local),NOS,6720.0,0.0,,,,,24.0,6720.0,,38086160.02,,,783755340.3,
9811,440,STAPLER,20,STATIONARY,873797,21-Sep-21,,,90179,90179,YTML-Stitching-YTM-07-General-Export WareHouse-General,,,156.0,,,,,1.0,22462,22462,STAPLER MACHINE 24/6 OPAL HD-45 (Consumable-Local),NOS,156.0,17.0,,,,,1.0,156.0,,38086160.02,,,783755340.3,
9823,441,STARTER,17,ELECTRICAL,841100,05-May-21,,,90179,90179,YTML-Stitching-YTM-07-General-Export WareHouse-General,,,2133.333,,,,,10.0,6382721001,6382721001,"DOL STARTER, 3 HP ,380 V (---) (L-C) (Consumable-Local)",NOS,21333.33,0.0,,,,,10.0,21333.33,,38086160.02,,,783755340.3,
9943,443,STATIONERY,20,STATIONARY,774138,05-Aug-20,,,90179,90179,YTML-Stitching-YTM-07-General-Export WareHouse-General,,,195.0,,,,,1.0,3520,3520,CORRECTIVE FLUID WHITO/BLANCO (Consumable-Local),SET,195.0,5.0,,,,,53.0,896.3535,,38086160.02,,,783755340.3,
9944,443,STATIONERY,20,STATIONARY,774138,05-Aug-20,,,90179,90179,YTML-Stitching-YTM-07-General-Export WareHouse-General,,,22.0,,,,,8.0,9811,9811,PEN (MARKER) DOLLER BLUE #.90 (Consumable-Local),NOS,176.0,9.0,,,,,53.0,896.3535,,38086160.02,,,783755340.3,
9945,443,STATIONERY,20,STATIONARY,774138,05-Aug-20,,,90179,90179,YTML-Stitching-YTM-07-General-Export WareHouse-General,,,5.0,,,,,3.0,22459,22459,SHARPNER DUX (Consumable-Local),NOS,15.0,10.0,,,,,53.0,896.3535,,38086160.02,,,783755340.3,
9946,443,STATIONERY,20,STATIONARY,774138,05-Aug-20,,,90179,90179,YTML-Stitching-YTM-07-General-Export WareHouse-General,,,7.946305556,,,,,18.0,9821,9821,PENCIL DUX (Consumable-Local),NOS,143.0335,34.0,,,,,53.0,896.3535,,38086160.02,,,783755340.3,
9947,443,STATIONERY,20,STATIONARY,774138,05-Aug-20,,,90179,90179,YTML-Stitching-YTM-07-General-Export WareHouse-General,,,5.87,,,,,2.0,9797,9797,PEN (BALL PEN) DOLLER CLEAR STICK (RED) (Consumable-Local),NOS,11.74,0.0,,,,,53.0,896.3535,,38086160.02,,,783755340.3,
9948,443,STATIONERY,20,STATIONARY,774138,05-Aug-20,,,90179,90179,YTML-Stitching-YTM-07-General-Export WareHouse-General,,,39.0,,,,,2.0,13894,13894,STAMP PAD BLUE (Consumable-Local),NOS,78.0,4.0,,,,,53.0,896.3535,,38086160.02,,,783755340.3,
9949,443,STATIONERY,20,STATIONARY,774138,05-Aug-20,,,90179,90179,YTML-Stitching-YTM-07-General-Export WareHouse-General,,,5.87,,,,,6.0,9795,9795,PEN (BALL PEN) BLUE CLEAR STICK (Consumable-Local),NOS,35.22,20.0,,,,,53.0,896.3535,,38086160.02,,,783755340.3,
9950,443,STATIONERY,20,STATIONARY,774138,05-Aug-20,,,90179,90179,YTML-Stitching-YTM-07-General-Export WareHouse-General,,,26.0,,,,,4.0,13913,13913,STAPLER PIN 24/6 (Consumable-Local),PKT,104.0,0.0,,,,,53.0,896.3535,,38086160.02,,,783755340.3,
9951,443,STATIONERY,20,STATIONARY,774138,05-Aug-20,,,90179,90179,YTML-Stitching-YTM-07-General-Export WareHouse-General,,,12.75,,,,,3.0,9640,9640,ROUGH PAD LEADER SMALL (Consumable-Local),NOS,38.25,3.0,,,,,53.0,896.3535,,38086160.02,,,783755340.3,
9952,443,STATIONERY,20,STATIONARY,774138,05-Aug-20,,,90179,90179,YTML-Stitching-YTM-07-General-Export WareHouse-General,,,27.5,,,,,3.0,9639,9639,PAD (ROUGH PAD)  LEADER  (LARGE) (Consumable-Local),NOS,82.5,0.0,,,,,53.0,896.3535,,38086160.02,,,783755340.3,
9953,443,STATIONERY,20,STATIONARY,774138,05-Aug-20,,,90179,90179,YTML-Stitching-YTM-07-General-Export WareHouse-General,,,5.87,,,,,3.0,9794,9794,PEN (BALL PEN) BLACK CLEAR STICK (Consumable-Local),NOS,17.61,8.0,,,,,53.0,896.3535,,38086160.02,,,783755340.3,
10070,443,STATIONERY,20,STATIONARY,792267,23-Oct-20,,,90179,90179,YTML-Stitching-YTM-07-General-Export WareHouse-General,,,6.16,,,,,10.0,9795,9795,PEN (BALL PEN) BLUE CLEAR STICK (Consumable-Local),NOS,61.6,219.0,,,,,53.0,854.05,,38086160.02,,,783755340.3,
10071,443,STATIONERY,20,STATIONARY,792267,23-Oct-20,,,90179,90179,YTML-Stitching-YTM-07-General-Export WareHouse-General,,,27.5,,,,,3.0,9639,9639,PAD (ROUGH PAD)  LEADER  (LARGE) (Consumable-Local),NOS,82.5,34.0,,,,,53.0,854.05,,38086160.02,,,783755340.3,
10072,443,STATIONERY,20,STATIONARY,792267,23-Oct-20,,,90179,90179,YTML-Stitching-YTM-07-General-Export WareHouse-General,,,12.75,,,,,3.0,9640,9640,ROUGH PAD LEADER SMALL (Consumable-Local),NOS,38.25,40.0,,,,,53.0,854.05,,38086160.02,,,783755340.3,
10073,443,STATIONERY,20,STATIONARY,792267,23-Oct-20,,,90179,90179,YTML-Stitching-YTM-07-General-Export WareHouse-General,,,23.716,,,,,10.0,9811,9811,PEN (MARKER) DOLLER BLUE #.90 (Consumable-Local),NOS,237.16,75.0,,,,,53.0,854.05,,38086160.02,,,783755340.3,
10074,443,STATIONERY,20,STATIONARY,792267,23-Oct-20,,,90179,90179,YTML-Stitching-YTM-07-General-Export WareHouse-General,,,89.18,,,,,3.0,6621,6621,HIGH LIGHTER PEN YELLOW PELIKAN (Consumable-Local),PCS,267.54,66.0,,,,,53.0,854.05,,38086160.02,,,783755340.3,
10075,443,STATIONERY,20,STATIONARY,792267,23-Oct-20,,,90179,90179,YTML-Stitching-YTM-07-General-Export WareHouse-General,,,7.95,,,,,12.0,9821,9821,PENCIL DUX (Consumable-Local),NOS,95.4,236.0,,,,,53.0,854.05,,38086160.02,,,783755340.3,
10076,443,STATIONERY,20,STATIONARY,792267,23-Oct-20,,,90179,90179,YTML-Stitching-YTM-07-General-Export WareHouse-General,,,6.16,,,,,10.0,9794,9794,PEN (BALL PEN) BLACK CLEAR STICK (Consumable-Local),NOS,61.6,116.0,,,,,53.0,854.05,,38086160.02,,,783755340.3,
10077,443,STATIONERY,20,STATIONARY,792267,23-Oct-20,,,90179,90179,YTML-Stitching-YTM-07-General-Export WareHouse-General,,,5.0,,,,,2.0,22459,22459,SHARPNER DUX (Consumable-Local),NOS,10.0,41.0,,,,,53.0,854.05,,38086160.02,,,783755340.3,
10270,443,STATIONERY,20,STATIONARY,807535,24-Dec-20,,,90179,90179,YTML-Stitching-YTM-07-General-Export WareHouse-General,,,5.004,,,,,6.0,22459,22459,SHARPNER DUX (Consumable-Local),NOS,30.024,34.0,,,,,118.0,1803.829404,,38086160.02,,,783755340.3,
10271,443,STATIONERY,20,STATIONARY,807535,24-Dec-20,,,90179,90179,YTML-Stitching-YTM-07-General-Export WareHouse-General,,,11.0,,,,,10.0,5512,5512,FOLDER (PLASTIC) A4 TRANSPARENT (Consumable-Local),NOS,110.0,35.0,,,,,118.0,1803.829404,,38086160.02,,,783755340.3,
10272,443,STATIONERY,20,STATIONARY,807535,24-Dec-20,,,90179,90179,YTML-Stitching-YTM-07-General-Export WareHouse-General,,,90.5,,,,,2.0,6621,6621,HIGH LIGHTER PEN YELLOW PELIKAN (Consumable-Local),PCS,181.0,14.0,,,,,118.0,1803.829404,,38086160.02,,,783755340.3,
10273,443,STATIONERY,20,STATIONARY,807535,24-Dec-20,,,90179,90179,YTML-Stitching-YTM-07-General-Export WareHouse-General,,,179.8483333,,,,,1.0,6695,6695,HOLE PUNCH MACHINE (Consumable-Local),NOS,179.8483333,16.0,,,,,118.0,1803.829404,,38086160.02,,,783755340.3,
10274,443,STATIONERY,20,STATIONARY,807535,24-Dec-20,,,90179,90179,YTML-Stitching-YTM-07-General-Export WareHouse-General,,,27.5,,,,,6.0,9639,9639,PAD (ROUGH PAD)  LEADER  (LARGE) (Consumable-Local),NOS,165.0,53.0,,,,,118.0,1803.829404,,38086160.02,,,783755340.3,
10275,443,STATIONERY,20,STATIONARY,807535,24-Dec-20,,,90179,90179,YTML-Stitching-YTM-07-General-Export WareHouse-General,,,12.75,,,,,6.0,9640,9640,ROUGH PAD LEADER SMALL (Consumable-Local),NOS,76.5,60.0,,,,,118.0,1803.829404,,38086160.02,,,783755340.3,
10276,443,STATIONERY,20,STATIONARY,807535,24-Dec-20,,,90179,90179,YTML-Stitching-YTM-07-General-Export WareHouse-General,,,34.0,,,,,1.0,14011,14011,"STEEL SCALE 12"" (Consumable-Local)",NOS,34.0,14.0,,,,,118.0,1803.829404,,38086160.02,,,783755340.3,
10277,443,STATIONERY,20,STATIONARY,807535,24-Dec-20,,,90179,90179,YTML-Stitching-YTM-07-General-Export WareHouse-General,,,6.266413302,,,,,24.0,9795,9795,PEN (BALL PEN) BLUE CLEAR STICK (Consumable-Local),NOS,150.3939192,357.0,,,,,118.0,1803.829404,,38086160.02,,,783755340.3,
10278,443,STATIONERY,20,STATIONARY,807535,24-Dec-20,,,90179,90179,YTML-Stitching-YTM-07-General-Export WareHouse-General,,,6.16,,,,,2.0,9797,9797,PEN (BALL PEN) DOLLER CLEAR STICK (RED) (Consumable-Local),NOS,12.32,0.0,,,,,118.0,1803.829404,,38086160.02,,,783755340.3,
10279,443,STATIONERY,20,STATIONARY,807535,24-Dec-20,,,90179,90179,YTML-Stitching-YTM-07-General-Export WareHouse-General,,,23.71535714,,,,,12.0,9810,9810,PEN (MARKER) DOLLER A-70 BLACK (Consumable-Local),NOS,284.5842857,44.0,,,,,118.0,1803.829404,,38086160.02,,,783755340.3,
10280,443,STATIONERY,20,STATIONARY,807535,24-Dec-20,,,90179,90179,YTML-Stitching-YTM-07-General-Export WareHouse-General,,,7.949968504,,,,,36.0,9821,9821,PENCIL DUX (Consumable-Local),NOS,286.1988661,599.0,,,,,118.0,1803.829404,,38086160.02,,,783755340.3,
10281,443,STATIONERY,20,STATIONARY,807535,24-Dec-20,,,90179,90179,YTML-Stitching-YTM-07-General-Export WareHouse-General,,,127.0,,,FOR OFFICE USE YTM-7 EWH,,1.0,11248,11248,REGISTER (REGISTER 240 PAGES) (Consumable-Local),NOS,127.0,7.0,,,,,118.0,1803.829404,,38086160.02,,,783755340.3,
10282,443,STATIONERY,20,STATIONARY,807535,24-Dec-20,,,90179,90179,YTML-Stitching-YTM-07-General-Export WareHouse-General,,,26.0,,,,,5.0,13913,13913,STAPLER PIN 24/6 (Consumable-Local),PKT,130.0,13.0,,,,,118.0,1803.829404,,38086160.02,,,783755340.3,
10283,443,STATIONERY,20,STATIONARY,807535,24-Dec-20,,,90179,90179,YTML-Stitching-YTM-07-General-Export WareHouse-General,,,6.16,,,,,6.0,9794,9794,PEN (BALL PEN) BLACK CLEAR STICK (Consumable-Local),NOS,36.96,28.0,,,,,118.0,1803.829404,,38086160.02,,,783755340.3,
10405,443,STATIONERY,20,STATIONARY,829577,17-Mar-21,,,90179,90179,YTML-Stitching-YTM-07-General-Export WareHouse-General,,,27.5,,,FOR YTM-7 EXPORT WAREHOUSE OFFICE USE A-BUILDING & B-BUILDING,,12.0,9639,9639,PAD (ROUGH PAD)  LEADER  (LARGE) (Consumable-Local),NOS,330.0,14.0,,,,,132.0,2646.464089,,38086160.02,,,783755340.3,
10406,443,STATIONERY,20,STATIONARY,829577,17-Mar-21,,,90179,90179,YTML-Stitching-YTM-07-General-Export WareHouse-General,,,12.75,,,FOR YTM-7 EXPORT WAREHOUSE OFFICE USE A-BUILDING & B-BUILDING,,12.0,9640,9640,ROUGH PAD LEADER SMALL (Consumable-Local),NOS,153.0,9.0,,,,,132.0,2646.464089,,38086160.02,,,783755340.3,
10407,443,STATIONERY,20,STATIONARY,829577,17-Mar-21,,,90179,90179,YTML-Stitching-YTM-07-General-Export WareHouse-General,,,90.5,,,FOR YTM-7 EXPORT WAREHOUSE OFFICE USE A-BUILDING & B-BUILDING,,12.0,6621,6621,HIGH LIGHTER PEN YELLOW PELIKAN (Consumable-Local),PCS,1086.0,53.0,,,,,132.0,2646.464089,,38086160.02,,,783755340.3,
10408,443,STATIONERY,20,STATIONARY,829577,17-Mar-21,,,90179,90179,YTML-Stitching-YTM-07-General-Export WareHouse-General,,,6.562472062,,,FOR YTM-7 EXPORT WAREHOUSE OFFICE USE A-BUILDING & B-BUILDING,,36.0,9795,9795,PEN (BALL PEN) BLUE CLEAR STICK (Consumable-Local),NOS,236.2489942,318.0,,,,,132.0,2646.464089,,38086160.02,,,783755340.3,
10409,443,STATIONERY,20,STATIONARY,829577,17-Mar-21,,,90179,90179,YTML-Stitching-YTM-07-General-Export WareHouse-General,,,5.001285714,,,FOR YTM-7 EXPORT WAREHOUSE OFFICE USE A-BUILDING & B-BUILDING,,12.0,22459,22459,SHARPNER DUX (Consumable-Local),NOS,60.01542857,13.0,,,,,132.0,2646.464089,,38086160.02,,,783755340.3,
10410,443,STATIONERY,20,STATIONARY,829577,17-Mar-21,,,90179,90179,YTML-Stitching-YTM-07-General-Export WareHouse-General,,,7.9499861,,,,,24.0,9821,9821,PENCIL DUX (Consumable-Local),NOS,190.7996664,465.0,,,,,132.0,2646.464089,,38086160.02,,,783755340.3,
10411,443,STATIONERY,20,STATIONARY,829577,17-Mar-21,,,90179,90179,YTML-Stitching-YTM-07-General-Export WareHouse-General,,,24.6,,,,,24.0,9810,9810,PEN (MARKER) DOLLER A-70 BLACK (Consumable-Local),NOS,590.4,75.0,,,,,132.0,2646.464089,,38086160.02,,,783755340.3,
10511,443,STATIONERY,20,STATIONARY,839342,28-Apr-21,,,90179,90179,YTML-Stitching-YTM-07-General-Export WareHouse-General,,,24.6,,,STATIONERY YTM-7 EWH,,12.0,9810,9810,PEN (MARKER) DOLLER A-70 BLACK (Consumable-Local),NOS,295.2,20.0,,,,,14.0,685.2,,38086160.02,,,783755340.3,
10512,443,STATIONERY,20,STATIONARY,839342,28-Apr-21,,,90179,90179,YTML-Stitching-YTM-07-General-Export WareHouse-General,,,195.0,,,STATIONERY YTM-7 EWH,,2.0,3520,3520,CORRECTIVE FLUID WHITO/BLANCO (Consumable-Local),SET,390.0,3.0,,,,,14.0,685.2,,38086160.02,,,783755340.3,
10532,443,STATIONERY,20,STATIONARY,845698,26-May-21,,,90179,90179,YTML-Stitching-YTM-07-General-Export WareHouse-General,,,28.12875,,,YTM-7 EWH USE,,10.0,13913,13913,STAPLER PIN 24/6 (Consumable-Local),PKT,281.2875,15.0,,,,,22.0,360.2145,,38086160.02,,,783755340.3,
10533,443,STATIONERY,20,STATIONARY,845698,26-May-21,,,90179,90179,YTML-Stitching-YTM-07-General-Export WareHouse-General,,,6.57725,,,YTM-7 EWH USE,,12.0,9795,9795,PEN (BALL PEN) BLUE CLEAR STICK (Consumable-Local),NOS,78.927,0.0,,,,,22.0,360.2145,,38086160.02,,,783755340.3,
10691,443,STATIONERY,20,STATIONARY,863276,07-Aug-21,,,90179,90179,YTML-Stitching-YTM-07-General-Export WareHouse-General,,,6.581,,,,,30.0,9795,9795,PEN (BALL PEN) BLUE CLEAR STICK (Consumable-Local),NOS,197.43,32.0,,,,,76.0,1495.931,,38086160.02,,,783755340.3,
10692,443,STATIONERY,20,STATIONARY,863276,07-Aug-21,,,90179,90179,YTML-Stitching-YTM-07-General-Export WareHouse-General,,,24.6,,,,,20.0,9810,9810,PEN (MARKER) DOLLER A-70 BLACK (Consumable-Local),NOS,492.0,20.0,,,,,76.0,1495.931,,38086160.02,,,783755340.3,
10693,443,STATIONERY,20,STATIONARY,863276,07-Aug-21,,,90179,90179,YTML-Stitching-YTM-07-General-Export WareHouse-General,,,5.000333333,,,,,3.0,22459,22459,SHARPNER DUX (Consumable-Local),NOS,15.001,1.0,,,,,76.0,1495.931,,38086160.02,,,783755340.3,
10694,443,STATIONERY,20,STATIONARY,863276,07-Aug-21,,,90179,90179,YTML-Stitching-YTM-07-General-Export WareHouse-General,,,90.5,,,,,2.0,6619,6619,HIGH LIGHTER PEN PINK PELIKAN (Consumable-Local),PCS,181.0,0.0,,,,,76.0,1495.931,,38086160.02,,,783755340.3,
10695,443,STATIONERY,20,STATIONARY,863276,07-Aug-21,,,90179,90179,YTML-Stitching-YTM-07-General-Export WareHouse-General,,,90.5,,,,,1.0,6621,6621,HIGH LIGHTER PEN YELLOW PELIKAN (Consumable-Local),PCS,90.5,0.0,,,,,76.0,1495.931,,38086160.02,,,783755340.3,
10696,443,STATIONERY,20,STATIONARY,863276,07-Aug-21,,,90179,90179,YTML-Stitching-YTM-07-General-Export WareHouse-General,,,26.0,,,,,20.0,9807,9807,PEN (MARKER PEN) # 70 BLACK (PERMANENT) (Consumable-Local),NOS,520.0,62.0,,,,,76.0,1495.931,,38086160.02,,,783755340.3,
10752,443,STATIONERY,20,STATIONARY,873797,21-Sep-21,,,90179,90179,YTML-Stitching-YTM-07-General-Export WareHouse-General,,,35.75,,,,,3.0,9640,9640,ROUGH PAD LEADER SMALL (Consumable-Local),NOS,107.25,30.0,,,,,132.0,2734.300026,,38086160.02,,,783755340.3,
10753,443,STATIONERY,20,STATIONARY,873797,21-Sep-21,,,90179,90179,YTML-Stitching-YTM-07-General-Export WareHouse-General,,,35.75,,,,,3.0,9639,9639,PAD (ROUGH PAD)  LEADER  (LARGE) (Consumable-Local),NOS,107.25,32.0,,,,,132.0,2734.300026,,38086160.02,,,783755340.3,
10754,443,STATIONERY,20,STATIONARY,873797,21-Sep-21,,,90179,90179,YTML-Stitching-YTM-07-General-Export WareHouse-General,,,25.0,,,,,20.0,9811,9811,PEN (MARKER) DOLLER BLUE #.90 (Consumable-Local),NOS,500.0,165.0,,,,,132.0,2734.300026,,38086160.02,,,783755340.3,
10755,443,STATIONERY,20,STATIONARY,873797,21-Sep-21,,,90179,90179,YTML-Stitching-YTM-07-General-Export WareHouse-General,,,26.0,,,,,20.0,9810,9810,PEN (MARKER) DOLLER A-70 BLACK (Consumable-Local),NOS,520.0,130.0,,,,,132.0,2734.300026,,38086160.02,,,783755340.3,
10756,443,STATIONERY,20,STATIONARY,873797,21-Sep-21,,,90179,90179,YTML-Stitching-YTM-07-General-Export WareHouse-General,,,37.0,,,,,1.0,14011,14011,"STEEL SCALE 12"" (Consumable-Local)",NOS,37.0,3.0,,,,,132.0,2734.300026,,38086160.02,,,783755340.3,
10757,443,STATIONERY,20,STATIONARY,873797,21-Sep-21,,,90179,90179,YTML-Stitching-YTM-07-General-Export WareHouse-General,,,5.000006536,,,,,4.0,22459,22459,SHARPNER DUX (Consumable-Local),NOS,20.00002614,35.0,,,,,132.0,2734.300026,,38086160.02,,,783755340.3,
10758,443,STATIONERY,20,STATIONARY,873797,21-Sep-21,,,90179,90179,YTML-Stitching-YTM-07-General-Export WareHouse-General,,,8.4,,,,,24.0,9821,9821,PENCIL DUX (Consumable-Local),NOS,201.6,210.0,,,,,132.0,2734.300026,,38086160.02,,,783755340.3,
10759,443,STATIONERY,20,STATIONARY,873797,21-Sep-21,,,90179,90179,YTML-Stitching-YTM-07-General-Export WareHouse-General,,,90.5,,,,,5.0,6621,6621,HIGH LIGHTER PEN YELLOW PELIKAN (Consumable-Local),PCS,452.5,70.0,,,,,132.0,2734.300026,,38086160.02,,,783755340.3,
10760,443,STATIONERY,20,STATIONARY,873797,21-Sep-21,,,90179,90179,YTML-Stitching-YTM-07-General-Export WareHouse-General,,,7.15,,,,,40.0,9795,9795,PEN (BALL PEN) BLUE CLEAR STICK (Consumable-Local),NOS,286.0,379.0,,,,,132.0,2734.300026,,38086160.02,,,783755340.3,
10761,443,STATIONERY,20,STATIONARY,873797,21-Sep-21,,,90179,90179,YTML-Stitching-YTM-07-General-Export WareHouse-General,,,7.15,,,,,10.0,9794,9794,PEN (BALL PEN) BLACK CLEAR STICK (Consumable-Local),NOS,71.5,114.0,,,,,132.0,2734.300026,,38086160.02,,,783755340.3,
10762,443,STATIONERY,20,STATIONARY,873797,21-Sep-21,,,90179,90179,YTML-Stitching-YTM-07-General-Export WareHouse-General,,,215.6,,,,,2.0,3520,3520,CORRECTIVE FLUID WHITO/BLANCO (Consumable-Local),SET,431.2,17.0,,,,,132.0,2734.300026,,38086160.02,,,783755340.3,
11115,463,TAPE,21,GENERAL MATERIAL,874410,24-Sep-21,,,90179,90179,YTML-Stitching-YTM-07-General-Export WareHouse-General,,,66.59010066,,,,,864.0,25918,25918,"MASKING TAPE 2"" X 25 YDS (NASTRO) (Consumable-Local)",PCS,57533.84697,122.0,,,,,864.0,57533.84697,,38086160.02,,,783755340.3,
11174,474,THINNER,19,"HARDWARE MATERIAL, PIPE & FITTINGS",874410,24-Sep-21,,,90179,90179,YTML-Stitching-YTM-07-General-Export WareHouse-General,,,315.9299451,,,,,32.76,14706,14706,THINNER 3.64 LTR/TIN ICI (Consumable-Local),LTR,10349.865,0.0,,,,,32.76,10349.865,,38086160.02,,,783755340.3,
11231,489,TRAY,20,STATIONARY,873797,21-Sep-21,,,90179,90179,YTML-Stitching-YTM-07-General-Export WareHouse-General,,,435.0,,,,,1.0,39897,39897,FILE LETTER TRAY (TABLE TRAY) (Consumable-Local),NOS,435.0,3.0,,,,,1.0,435.0,,38086160.02,,,783755340.3,
11240,497,TYRE & TUBES,18,MECHANICAL,863740,16-Aug-21,,,90179,90179,YTML-Stitching-YTM-07-General-Export WareHouse-General,,,31175.0,,,FOR YTM-7 EXPORT WAREHOUSE,,2.0,26341,26341,TYRE FOR LIFTER 28X9X15 - 12 PLY  BRIDGESTONE (Consumable-Local),NOS,62350.0,2.0,,,,,2.0,62350.0,,38086160.02,,,783755340.3,
11476,555,STACKER,1,PLANT & MACHINERY,848223,09-Jun-21,,,90179,90179,YTML-Stitching-YTM-07-General-Export WareHouse-General,,,850000.0,,,FOR YTM-7 EXPORT WAREHOUSE,,12.0,7640522003,7640522003,FULL ELECTRIC STACKER MODEL# ES15-15ES LOADING CAPACITY 1500KG LIFTING HEIGHT 4.15M (PEDESTRIAL OPERATED) (XILIN) (L-F) (Fixed-Local),NOS,10200000.0,0.0,,,,,12.0,10200000.0,,38086160.02,,,783755340.3,
11533,609,JACK,16,TOOLS & INSTRUMENTS,878552,12-Oct-21,,,90179,90179,YTML-Stitching-YTM-07-General-Export WareHouse-General,,,84000.0,,,FOR YTM-7 A-BUILDING EWH,,2.0,6785322001,6785322001,"ULTRA-LOW PROFILE HYDRAULIC HAND PALLET TRUCK, LIFTING CAPACITY-02TON, FORK LENGTH=120CM, WIDTH=12.5CM (---) (L-F) (Fixed-Local)",NOS,168000.0,0.0,,,,,2.0,168000.0,,38086160.02,,,783755340.3,
11606,751,LIFTER,1,PLANT & MACHINERY,871417,11-Sep-21,,,90179,90179,YTML-Stitching-YTM-07-General-Export WareHouse-General,,,2400000.0,,,FOR YTM-7 EXPORT WAREHOUSE USE,,1.0,6460722004,6460722004,"FORK LIFTER CAPACITY: 3 TON, MODEL# CPC30H (JAC) (L-F) (Fixed-Local)",NOS,2400000.0,0.0,,,,,1.0,2400000.0,,38086160.02,,,783755340.3,
11619,751,LIFTER,18,MECHANICAL,863741,16-Aug-21,,,90179,90179,YTML-Stitching-YTM-07-General-Export WareHouse-General,,,42000.0,,,FOR YTM-7 EXPORT WAREHOUSE USE,,12.0,41039,41039,"HYDRAULIC MANUAL HAND PALLET LIFTER, 3 TON/3000 KGS, 1220 X 685 MM (Fixed-Local)",NOS,504000.0,0.0,,,,,12.0,504000.0,,38086160.02,,,783755340.3,
11621,751,LIFTER,18,MECHANICAL,869058,07-Sep-21,,,90179,90179,YTML-Stitching-YTM-07-General-Export WareHouse-General,,,42000.0,,,FOR YTM-7 EWH USE,,4.0,41039,41039,"HYDRAULIC MANUAL HAND PALLET LIFTER, 3 TON/3000 KGS, 1220 X 685 MM (Fixed-Local)",NOS,168000.0,0.0,,,,,4.0,168000.0,,38086160.02,,,783755340.3,
11624,775,CONTAINER,21,GENERAL MATERIAL,854323,29-Jun-21,,,90179,90179,YTML-Stitching-YTM-07-General-Export WareHouse-General,,,350296.2222,,,FOR CAPITALIZATION,,27.0,5963721001,5963721001,EMPTY CONTAINER 40 FT (---) (L-C) (Consumable-Local),NOS,9457998.0,0.0,,,,,27.0,9457998.0,,38086160.02,,,783755340.3,
